<?xml version = "1.0" encoding = "UTF-8"?>
<!--
/**
 * Created By : MageDelight Pvt. Ltd.
 * Creating a table
 */
-->
<schema xmlns:xsi="http://www.w3.org/2001/XMLSchema-instance"
        xsi:noNamespaceSchemaLocation="urn:magento:framework:Setup/Declaration/Schema/etc/schema.xsd">
   <table name="custom_bottle_table" resource="default" engine="innodb" comment="custom bottle table">
      <column xsi:type="int" name="id" padding="7" unsigned="true" nullable="false" identity="true" comment="custom_id" />
      <column xsi:type="varchar" name="customer_name" nullable="false" length="20" comment="customer_name" />
      <column xsi:type="varchar" name="email" nullable="false" length="225" comment="Email" />
      <column xsi:type="decimal" name="capacity" nullable="false" scale="2" precision="10" comment="Bottle Capacity"/>
      <column xsi:type="int" name="qty" padding="10" unsigned="true" nullable="false" comment="Quantity"/>
      <column xsi:type="varchar" name="customization"  nullable="false" length="20" comment="customiztion Requirement"/>
      <column xsi:type="varchar" name="description" nullable="true" length="255" comment="Descrition" />
      <column xsi:type="timestamp" name="created_datetime" nullable="false"
              default="CURRENT_TIMESTAMP" on_update="false" comment="Created Datetime"/>
      <column xsi:type="timestamp" name="updated_datetime" nullable="false"
              default="CURRENT_TIMESTAMP" on_update="true" comment="Updated Datetime"/>
      <constraint xsi:type="primary" referenceId="PRIMARY">
         <column name="id" />
      </constraint>
   </table>
</schema>
