<?xml version = "1.0"?>
<config xmlns:xsi="http://www.w3.org/2001/XMLSchema-instance" xsi:noNamespaceSchemaLocation="urn:magento:framework:ObjectManager/etc/config.xsd">
    <preference for="Terrificminds\CustomRequestForm\Api\Data\CustomInterface" type="Terrificminds\CustomRequestForm\Model\CustomBottleRequest" />
    <preference for="Terrificminds\CustomRequestForm\Api\CustomRepositoryInterface"
                type="Terrificminds\CustomRequestForm\Model\CustomRepository" />
    <preference for="Terrificminds\CustomRequestForm\Api\Data\CustomSearchResultInterface"
                type="Terrificminds\CustomRequestForm\Model\CustomSearchList"/>
    <type name="Magento\Framework\View\Element\UiComponent\DataProvider\CollectionFactory">
        <arguments>
            <argument name="collections" xsi:type="array">
                <item name="custom_bottle_request_data_source" xsi:type="string">MdCustomerRequestCollection</item>
            </argument>
        </arguments>
    </type>
    <virtualType name="MdCustomerRequestCollection" type="Terrificminds\CustomRequestForm\Ui\DataProvider\BottleRequest\Collection">
        <arguments>
            <argument name="mainTable" xsi:type="string">custom_bottle_table</argument>
            <argument name="resourceModel" xsi:type="string">Terrificminds\CustomRequestForm\Model\ResourceModel\CustomBottleRequest</argument>
        </arguments>
    </virtualType>
</config>