<?xml version = "1.0"?>
<config xmlns:xsi="http://www.w3.org/2001/XMLSchema-instance"
        xsi:noNamespaceSchemaLocation="urn:magento:module:Magento_Config:etc/system_file.xsd">
   <system>
      <tab id="terrificminds" translate="label" sortOrder="200">
         <label>Terrificminds</label>
      </tab>
      <section id="terrificminds" translate="label" sortOrder="150" showInDefault="1" showInWebsite="1" showInStore="1">
         <class>separator-top</class>
         <label>Bottle Order Request</label>
         <tab>terrificminds</tab>
         <resource>Terrificminds_CustomRequestForm::configuration</resource>
         <group id="general" translate="label" type="text" sortOrder="10"
                showInDefault="1" showInWebsite="0" showInStore="0">
            <label>General Configuration</label>
            <field id="enable" translate="label" type="select" sortOrder="1"
                   showInDefault="1" showInWebsite="0" showInStore="0">
               <label>Enable Module</label>
               <source_model>Magento\Config\Model\Config\Source\Yesno</source_model>
            </field>
         </group>
      </section>
   </system>
</config>